id_user,outlier?,in_post?,font_familiarity,font,device,device_code,age,gender,language,lang_comf,Start,Stop,minutes,WPM,avg_comp
3,0,0,3,utopia,Desktop,4,51,male,English,Very comfortable,9/13/2019,9/13/2019,36.6,266.4,1.00
4,0,0,2,noto_sans,Laptop,3,33,,English,Very comfortable,9/13/2019,9/13/2019,18.2,463.7,1.00
5,0,0,3,calibri,Laptop,3,26,Male,English,Very comfortable,9/13/2019,9/13/2019,22.4,303.0,0.90
6,0,0,2,poynter_gothic_text,Laptop,3,32,female,English,Very comfortable,9/13/2019,9/13/2019,25.9,195.4,0.80
7,0,0,2,helvetica,Laptop,3,27,female,English,Very comfortable,9/13/2019,9/13/2019,29.3,198.9,0.90
9,0,0,2,calibri,Laptop,3,22,Female,English,Very comfortable,9/13/2019,9/13/2019,21.7,327.6,1.00
10,0,0,3,roboto,Desktop,4,40,Female,English,Very comfortable,9/13/2019,9/13/2019,25.7,205.6,0.80
12,0,0,3,noto_sans,Laptop,3,37,female,English,Very comfortable,9/13/2019,9/13/2019,27.5,207.8,1.00
13,0,0,3,noto_sans,Laptop,3,29,Male,German,Very comfortable,9/13/2019,9/13/2019,43.4,162.7,0.92
14,0,0,3,utopia,Desktop,4,30,female,English,Very comfortable,9/13/2019,9/13/2019,31.5,270.6,1.00
19,0,0,3,open_sans,Laptop,3,21,Female,English,Very comfortable,9/13/2019,9/13/2019,23.4,365.5,0.90
22,0,0,3,times,Desktop,4,26,Female,English,Very comfortable,9/13/2019,9/13/2019,29.4,341.9,0.83
23,0,0,1,utopia,Desktop,4,33,Male,English,Very comfortable,9/13/2019,9/13/2019,26.0,268.5,0.90
24,0,0,3,arial,Desktop,4,60,male,English,Very comfortable,9/13/2019,9/13/2019,42.7,172.5,1.00
25,0,0,2,open_sans,Desktop,4,31,Male,English,Very comfortable,9/13/2019,9/13/2019,24.7,357.1,1.00
28,0,0,2,avantgarde,Laptop,3,32,Female,English,Very comfortable,9/13/2019,9/13/2019,31.2,218.1,0.80
29,0,0,1,open_sans,Laptop,3,25,Male,Spanish,Very comfortable,9/13/2019,9/13/2019,47.6,131.4,0.90
30,0,0,2,helvetica,Desktop,4,30,Male,English,Very comfortable,9/13/2019,9/13/2019,19.9,363.8,0.83
32,0,0,3,garamond,Desktop,4,31,female,English,Very comfortable,9/13/2019,9/13/2019,26.3,299.4,0.90
35,0,0,1,open_sans,Desktop,4,37,Female,Thai,Very comfortable,9/13/2019,9/13/2019,30.0,169.2,0.90
37,0,0,2,noto_sans,Laptop,3,24,Male,English,Very comfortable,9/13/2019,9/13/2019,18.7,338.3,0.83
38,0,0,2,avenir_next,Laptop,3,34,male,English,Very comfortable,9/13/2019,9/13/2019,37.6,319.0,1.00
41,0,0,2,calibri,Laptop,3,39,Male,English,Very comfortable,9/13/2019,9/13/2019,32.9,155.8,0.90
42,0,0,1,lato,Desktop,4,40,female,English,Very comfortable,9/13/2019,9/13/2019,22.7,308.7,1.00
44,0,0,3,times,Desktop,4,42,Male,English,Very comfortable,9/13/2019,9/13/2019,39.4,340.3,0.92
49,0,0,2,garamond,Laptop,3,25,Female,English,Very comfortable,9/13/2019,9/13/2019,25.5,211.9,0.80
50,0,0,2,montserrat,Laptop,3,39,male,English,Very comfortable,9/13/2019,9/13/2019,29.8,265.9,0.90
53,0,0,2,arial,Desktop,4,52,Male,English,Very comfortable,9/13/2019,9/13/2019,37.8,239.8,0.80
54,0,0,3,franklin_gothic,Laptop,3,40,male,English,Very comfortable,9/13/2019,9/13/2019,28.2,250.0,0.90
63,0,0,3,times,Laptop,3,24,Female,English,Very comfortable,9/13/2019,9/13/2019,20.8,335.7,0.92
66,0,0,2,times,Desktop,4,28,male,English,Very comfortable,9/13/2019,9/13/2019,36.5,190.3,0.83
70,0,0,3,utopia,Desktop,4,30,Female,English,Very comfortable,9/13/2019,9/13/2019,36.8,207.9,1.00
73,0,0,3,montserrat,Desktop,4,35,Male,English,Very comfortable,9/13/2019,9/13/2019,32.9,182.5,0.90
81,0,0,2,helvetica,Laptop,3,35,female,arabic,Very comfortable,9/13/2019,9/13/2019,24.3,351.9,0.70
82,0,0,3,utopia,Laptop,3,30,female,English,Very comfortable,9/13/2019,9/13/2019,46.3,157.9,1.00
83,0,0,2,helvetica,Laptop,3,25,Female,English,Very comfortable,9/13/2019,9/13/2019,20.6,303.4,0.90
85,0,0,1,montserrat,Laptop,3,34,female,English,Very comfortable,9/13/2019,9/13/2019,28.9,264.6,0.80
86,0,0,2,avantgarde,Desktop,4,31,male,English,Very comfortable,9/13/2019,9/13/2019,18.5,526.6,0.95
87,0,0,2,helvetica,Desktop,4,42,Male,English,Very comfortable,9/13/2019,9/13/2019,38.2,265.8,0.95
88,0,0,2,calibri,Laptop,3,22,Female,English,Very comfortable,9/13/2019,9/13/2019,19.5,435.5,0.90
89,0,0,1,avenir_next,Laptop,3,35,Female,English,Very comfortable,9/13/2019,9/13/2019,29.5,216.9,1.00
93,0,0,3,oswald,Desktop,4,34,Female,English,Very comfortable,9/13/2019,9/13/2019,41.3,181.8,1.00
94,0,0,2,open_sans,Laptop,3,39,male,English,Very comfortable,9/13/2019,9/13/2019,42.1,182.8,0.95
95,0,0,1,noto_sans,Laptop,3,28,female,English,Very comfortable,9/13/2019,9/13/2019,23.9,254.2,0.95
96,0,0,3,garamond,Laptop,3,21,Female,English,Very comfortable,9/13/2019,9/13/2019,27.7,289.0,0.85
97,0,0,1,roboto,Desktop,4,56,,English,Very comfortable,9/13/2019,9/13/2019,38.2,160.4,0.86
100,0,0,3,helvetica,Desktop,4,29,Female,English,Very comfortable,9/13/2019,9/13/2019,24.2,236.5,0.85
101,0,0,2,garamond,Laptop,3,33,Female,English,Very comfortable,9/13/2019,9/13/2019,41.2,433.2,0.90
102,0,0,3,helvetica,Laptop,3,41,male,English,Very comfortable,9/13/2019,9/13/2019,35.6,170.3,1.00
106,0,0,3,garamond,Laptop,3,21,Female,English,Very comfortable,9/13/2019,9/13/2019,24.8,327.8,0.95
107,0,0,,avenir_next,Laptop,3,40,Male,English,Very comfortable,9/13/2019,9/13/2019,25.4,216.6,0.85
110,0,0,2,open_sans,Laptop,3,26,Female,English,Very comfortable,9/13/2019,9/13/2019,38.7,204.8,0.90
111,0,0,2,calibri,Laptop,3,50,Male,English,Very comfortable,9/13/2019,9/13/2019,32.7,202.8,1.00
112,0,0,3,oswald,Tablet,2,21,male,English,Very comfortable,9/13/2019,9/13/2019,32.3,367.4,0.95
113,0,0,2,garamond,Laptop,3,31,Male,English,Very comfortable,9/13/2019,9/13/2019,23.0,264.8,0.90
114,0,0,1,open_sans,Laptop,3,24,male,English,Very comfortable,9/13/2019,9/13/2019,49.3,193.3,0.95
115,0,0,2,franklin_gothic,Desktop,4,22,Male,English,Very comfortable,9/13/2019,9/13/2019,34.0,207.8,1.00
117,0,0,3,helvetica,Laptop,3,29,male,English,Very comfortable,9/13/2019,9/13/2019,,340.7,0.86
118,0,0,3,helvetica,Laptop,3,25,female,English,Very comfortable,9/13/2019,9/13/2019,32.7,223.2,0.95
119,0,0,1,noto_sans,Laptop,3,20,Female,Latvian,Very comfortable,9/13/2019,9/13/2019,30.7,244.0,0.75
120,0,0,2,helvetica,Laptop,3,40,male,English,Very comfortable,9/13/2019,9/13/2019,34.7,272.1,0.90
121,0,0,3,garamond,Desktop,4,29,Male,English,Very comfortable,9/13/2019,9/13/2019,37.0,223.7,0.80
123,0,0,3,avenir_next,Desktop,4,28,Male,English,Very comfortable,9/13/2019,9/13/2019,26.7,238.3,0.90
124,0,0,2,lato,Laptop,3,22,Female,Korean,Very comfortable,9/13/2019,9/13/2019,38.3,383.2,1.00
126,0,0,3,arial,Laptop,3,56,Female,English,Very comfortable,9/13/2019,9/13/2019,48.3,191.1,0.80
127,0,0,2,montserrat,Laptop,3,41,,English,Very comfortable,9/13/2019,9/13/2019,20.4,292.0,0.90
128,0,0,1,noto_sans,Laptop,3,30,male,English,Very comfortable,9/13/2019,9/13/2019,40.8,147.3,1.00
129,0,0,3,roboto,Desktop,4,32,female,English,Very comfortable,9/13/2019,9/13/2019,22.3,289.5,0.85
130,0,0,2,lato,Laptop,3,52,Female,English,Very comfortable,9/13/2019,9/13/2019,34.9,228.1,0.90
132,0,0,3,open_sans,Laptop,3,30,Male,English,Very comfortable,9/13/2019,9/13/2019,25.0,238.0,0.95
134,0,0,3,montserrat,Desktop,4,28,Male,English,Very comfortable,9/13/2019,9/13/2019,32.0,177.8,0.95
136,0,0,2,open_sans,Desktop,4,32,Male,English,Very comfortable,9/13/2019,9/13/2019,28.3,266.8,1.00
138,0,0,3,times,Laptop,3,25,female,English,Very comfortable,9/13/2019,9/13/2019,23.7,211.3,0.95
141,0,0,2,avenir_next,Tablet,2,33,Male,English,Very comfortable,9/13/2019,9/13/2019,28.4,247.0,0.90
144,0,0,1,helvetica,Desktop,4,32,male,English,Very comfortable,9/13/2019,9/13/2019,22.2,323.1,0.80
145,0,0,2,noto_sans,Laptop,3,22,Female,English,Very comfortable,9/13/2019,9/13/2019,31.1,413.4,0.90
147,0,0,2,helvetica,Laptop,3,31,Female,English,Very comfortable,9/13/2019,9/13/2019,41.6,204.2,1.00
148,0,0,2,helvetica,Laptop,3,25,Male,English,Very comfortable,9/13/2019,9/13/2019,30.8,160.4,1.00
149,0,0,3,open_sans,Laptop,3,30,Female,portuguese,Very comfortable,9/13/2019,9/13/2019,57.5,272.6,1.00
150,0,0,1,calibri,Laptop,3,30,female,English,Very comfortable,9/13/2019,9/13/2019,27.2,249.1,1.00
151,0,0,2,avenir_next,Laptop,3,25,Female,English,Very comfortable,9/13/2019,9/13/2019,54.2,182.3,0.90
153,0,0,2,arial,Laptop,3,25,Male,English,Very comfortable,9/13/2019,9/13/2019,45.6,152.6,1.00
157,0,0,3,utopia,Desktop,4,22,Male,English,Very comfortable,9/13/2019,9/13/2019,48.9,431.7,0.75
158,0,0,3,times,Phone,1,27,Female,English,Very comfortable,9/13/2019,9/13/2019,44.2,258.4,0.95
159,0,0,3,arial,Laptop,3,48,Female,English,Very comfortable,9/13/2019,9/13/2019,39.2,236.9,1.00
164,0,0,2,oswald,Laptop,3,32,Male,English,Very comfortable,9/13/2019,9/13/2019,31.3,195.9,1.00
165,0,0,1,avenir_next,Tablet,2,35,Female,English,Very comfortable,9/13/2019,9/13/2019,28.8,240.4,0.95
167,0,0,3,times,Laptop,3,20,Male,English,Very comfortable,9/13/2019,9/13/2019,26.8,240.7,0.95
170,0,0,2,utopia,Laptop,3,24,Male,English,Very comfortable,9/13/2019,9/13/2019,32.0,254.6,0.90
172,0,0,3,avenir_next,Desktop,4,40,male,English,Very comfortable,9/13/2019,9/13/2019,30.9,186.1,0.95
173,0,0,2,noto_sans,Phone,1,27,Male,English,Very comfortable,9/13/2019,9/13/2019,23.4,375.3,0.95
174,0,0,3,times,Desktop,4,44,Female,English,Very comfortable,9/13/2019,9/13/2019,25.9,249.4,0.80
177,0,0,3,noto_sans,Laptop,3,37,F,English,Very comfortable,9/13/2019,9/13/2019,27.3,256.1,0.95
179,0,0,3,helvetica,Laptop,3,29,Male,English,Very comfortable,9/13/2019,9/13/2019,25.7,294.0,0.85
180,0,0,3,times,Desktop,4,32,Male,English,Very comfortable,9/13/2019,9/13/2019,50.6,414.6,0.95
183,0,0,1,avenir_next,Laptop,3,37,Female,English,Very comfortable,9/13/2019,9/13/2019,25.9,408.9,0.80
186,0,0,3,avenir_next,Laptop,3,27,Female,English,Very comfortable,9/13/2019,9/13/2019,38.8,315.8,0.90
187,0,0,3,garamond,Laptop,3,25,Female,Portuguese,Very comfortable,9/13/2019,9/13/2019,35.0,180.1,0.95
189,0,0,1,poynter_gothic_text,Laptop,3,20,Female,English,Very comfortable,9/13/2019,9/13/2019,17.8,392.8,0.80
190,0,0,3,noto_sans,Laptop,3,38,Female,English,Very comfortable,9/13/2019,9/13/2019,25.2,298.4,1.00
192,0,0,2,times,Laptop,3,35,Male,English,Very comfortable,9/13/2019,9/13/2019,20.9,324.2,0.95
198,0,0,3,times,Tablet,2,35,Female,English,Very comfortable,9/13/2019,9/13/2019,110.0,159.2,0.90
200,0,0,3,times,Laptop,3,27,male,English,Very comfortable,9/13/2019,9/13/2019,22.4,224.1,1.00
201,0,0,3,open_sans,Laptop,3,27,female,English,Very comfortable,9/13/2019,9/13/2019,30.9,232.7,0.80
204,0,0,3,oswald,Laptop,3,21,Male,English,Very comfortable,9/13/2019,9/13/2019,32.1,369.2,1.00
207,0,0,3,times,Desktop,4,39,female,English,Very comfortable,9/13/2019,9/13/2019,68.2,357.4,0.90
210,0,0,,times,Tablet,2,35,Female,English,Very comfortable,9/13/2019,9/13/2019,32.1,203.1,1.00
211,0,0,3,times,Laptop,3,42,male,English,Very comfortable,9/13/2019,9/13/2019,42.2,185.2,0.95
212,0,0,2,calibri,Laptop,3,50,Female,English,Very comfortable,9/13/2019,9/13/2019,44.6,203.1,0.95
213,0,0,2,calibri,Desktop,4,29,male,English,Very comfortable,9/13/2019,9/13/2019,32.2,188.5,1.00
214,0,0,2,noto_sans,Laptop,3,32,Female,English,Very comfortable,9/13/2019,9/13/2019,40.4,135.5,1.00
216,0,0,3,helvetica,Laptop,3,35,Male,English,Very comfortable,9/13/2019,9/13/2019,41.9,264.8,1.00
219,0,0,2,helvetica,Laptop,3,36,female,English,Very comfortable,9/13/2019,9/13/2019,27.7,230.7,1.00
220,0,0,2,times,Laptop,3,35,female,finnish,Very comfortable,9/13/2019,9/13/2019,30.6,250.4,0.90
222,0,0,3,oswald,Laptop,3,19,Male,English,Very comfortable,9/13/2019,9/13/2019,32.1,200.3,0.91
223,0,0,2,times,Phone,1,21,Female,English,Very comfortable,9/13/2019,9/13/2019,42.8,182.5,0.95
228,0,0,3,arial,Laptop,3,25,,English,Very comfortable,9/14/2019,9/14/2019,17.8,520.1,0.85
230,0,0,1,noto_sans,Laptop,3,25,Male,English,Very comfortable,9/14/2019,9/14/2019,22.6,340.2,1.00
231,0,0,3,noto_sans,Laptop,3,31,female,English,Very comfortable,9/14/2019,9/14/2019,29.4,227.1,0.75
234,0,0,2,roboto,Laptop,3,34,Male,English,Very comfortable,9/14/2019,9/14/2019,39.5,217.6,1.00
235,0,0,2,noto_sans,Desktop,4,26,Female,English,Very comfortable,9/14/2019,9/14/2019,32.9,184.8,0.95
238,0,0,2,arial,Laptop,3,48,Female,English,Very comfortable,9/14/2019,9/14/2019,27.3,285.6,0.90
240,0,0,3,arial,Laptop,3,19,Female,English,Very comfortable,9/14/2019,9/14/2019,25.5,377.9,1.00
243,0,0,1,utopia,Laptop,3,28,Female,English,Very comfortable,9/14/2019,9/14/2019,23.1,386.2,1.00
246,0,0,2,times,Laptop,3,59,female,English,Very comfortable,9/14/2019,9/14/2019,35.7,151.3,1.00
247,0,0,2,helvetica,Desktop,4,22,male,dutch,Very comfortable,9/14/2019,9/14/2019,33.9,213.7,0.80
248,0,0,3,avenir_next,Laptop,3,52,Male,English,Very comfortable,9/14/2019,9/14/2019,27.8,272.7,0.95
249,0,0,2,noto_sans,Tablet,2,38,Male,English,Very comfortable,9/14/2019,9/14/2019,28.8,252.8,0.91
250,0,0,2,avenir_next,Laptop,3,38,FEMALE,English,Very comfortable,9/14/2019,9/14/2019,37.6,154.8,0.85
251,0,0,2,avenir_next,Desktop,4,36,Female,English,Very comfortable,9/14/2019,9/14/2019,29.2,353.9,1.00
252,0,0,3,avantgarde,Phone,1,36,Male,English,Very comfortable,9/14/2019,9/14/2019,33.3,183.2,0.80
254,0,0,3,noto_sans,Desktop,4,46,male,English,Very comfortable,9/14/2019,9/14/2019,29.7,276.7,0.90
255,0,0,3,utopia,Desktop,4,37,male,English,Very comfortable,9/14/2019,9/14/2019,29.7,270.8,0.95
257,0,0,2,helvetica,Laptop,3,33,Male,"English, Spanish",Very comfortable,9/14/2019,9/14/2019,55.5,210.4,0.95
258,0,0,3,times,Laptop,3,18,male,English,Very comfortable,9/14/2019,9/14/2019,16.5,430.8,1.00
261,0,0,3,garamond,Laptop,3,38,,English,Very comfortable,9/14/2019,9/14/2019,21.1,339.7,0.85
264,0,0,3,times,Desktop,4,29,Male,English,Very comfortable,9/14/2019,9/14/2019,29.0,246.5,0.90
265,0,0,3,times,Laptop,3,40,Female,English,Very comfortable,9/14/2019,9/14/2019,26.4,224.3,0.85
267,0,0,2,noto_sans,Laptop,3,39,Female,English,Very comfortable,9/14/2019,9/14/2019,25.5,316.0,1.00
268,0,0,2,noto_sans,Desktop,4,48,female,English,Very comfortable,9/14/2019,9/14/2019,43.3,151.4,0.95
270,0,0,,montserrat,Laptop,3,30,female,English,Very comfortable,9/14/2019,9/14/2019,,283.8,0.88
271,0,0,2,avenir_next,Laptop,3,23,female,English,Very comfortable,9/14/2019,9/14/2019,40.4,163.6,1.00
272,0,0,3,open_sans,Desktop,4,22,,English,Very comfortable,9/14/2019,9/14/2019,23.3,349.8,1.00
273,0,0,2,avenir_next,Desktop,4,34,Male,English,Very comfortable,9/14/2019,9/14/2019,29.6,261.7,0.95
275,0,0,2,garamond,Laptop,3,22,,French,Very comfortable,9/14/2019,9/14/2019,19.9,312.8,0.95
276,0,0,3,avantgarde,Laptop,3,28,female,English,Very comfortable,9/14/2019,9/14/2019,28.5,284.8,1.00
277,0,0,3,arial,Desktop,4,44,Male,English,Very comfortable,9/14/2019,9/14/2019,24.2,401.8,1.00
279,0,0,3,utopia,Desktop,4,31,Male,Portuguese,Very comfortable,9/14/2019,9/14/2019,49.2,252.3,0.90
281,0,0,3,calibri,Laptop,3,24,male,English,Very comfortable,9/14/2019,9/14/2019,48.3,162.6,1.00
282,0,0,3,times,Tablet,2,54,male,English,Very comfortable,9/14/2019,9/14/2019,67.8,151.0,0.90
287,0,0,2,noto_sans,Laptop,3,29,Male,English,Very comfortable,9/14/2019,9/14/2019,28.1,244.4,0.95
289,0,0,1,avenir_next,Desktop,4,23,Male,Russian,Very comfortable,9/14/2019,9/14/2019,22.6,326.5,0.80
291,0,0,3,times,Desktop,4,47,female,English,Very comfortable,9/14/2019,9/14/2019,31.9,308.2,0.95
292,0,0,3,calibri,Laptop,3,31,female,English,Very comfortable,9/14/2019,9/14/2019,30.5,244.1,0.90
293,0,0,2,times,Laptop,3,59,Male,English,Very comfortable,9/14/2019,9/14/2019,35.5,204.9,0.95
294,0,0,3,oswald,Laptop,3,39,Male,English,Very comfortable,9/14/2019,9/14/2019,17.5,355.9,0.85
295,0,0,2,noto_sans,Laptop,3,29,genderliberated,English,Very comfortable,9/14/2019,9/14/2019,29.8,271.9,0.75
297,0,0,2,times,Laptop,3,18,Male,English,Very comfortable,9/14/2019,9/14/2019,30.4,389.6,0.95
299,0,0,3,garamond,Desktop,4,34,Male,English,Very comfortable,9/14/2019,9/14/2019,24.9,289.6,0.85
301,0,0,2,oswald,Laptop,3,19,Male,English,Very comfortable,9/14/2019,9/14/2019,20.3,339.1,0.80
303,0,0,3,calibri,Laptop,3,23,female,English,Very comfortable,9/14/2019,9/14/2019,38.5,186.7,0.85
307,0,0,2,avenir_next,Laptop,3,27,Female,English,Very comfortable,9/14/2019,9/14/2019,46.4,259.8,1.00
308,0,0,3,helvetica,Laptop,3,21,Female,English,Very comfortable,9/14/2019,9/14/2019,21.8,301.0,0.90
309,0,0,3,garamond,Desktop,4,30,Female,English,Very comfortable,9/14/2019,9/14/2019,20.6,288.1,1.00
311,0,0,3,garamond,Laptop,3,26,female,English,Very comfortable,9/14/2019,9/14/2019,23.9,293.4,0.85
312,0,0,3,roboto,Laptop,3,27,Male,English,Very comfortable,9/14/2019,9/14/2019,33.8,162.6,0.95
314,0,0,1,roboto,Laptop,3,23,Male,English,Very comfortable,9/14/2019,9/14/2019,22.1,287.4,0.91
315,0,0,2,noto_sans,Laptop,3,47,Male,English,Very comfortable,9/14/2019,9/14/2019,40.8,180.1,1.00
316,0,0,3,times,Desktop,4,21,Female,English,Very comfortable,9/14/2019,9/14/2019,22.4,310.3,0.90
317,0,0,3,garamond,Phone,1,34,Female,English,Very comfortable,9/14/2019,9/14/2019,33.5,275.3,0.95
318,0,0,1,avenir_next,Laptop,3,24,female,English,Very comfortable,9/14/2019,9/14/2019,87.9,113.5,0.95
319,0,0,2,calibri,Laptop,3,32,Male,English,Very comfortable,9/14/2019,9/14/2019,22.8,326.7,0.90
320,0,0,2,oswald,Desktop,4,25,Male,English,Very comfortable,9/14/2019,9/14/2019,23.4,308.3,0.85
321,0,0,2,arial,Desktop,4,33,Female,English,Very comfortable,9/14/2019,9/14/2019,22.3,282.4,0.90
322,0,0,1,open_sans,Laptop,3,30,male,English,Very comfortable,9/14/2019,9/14/2019,29.2,199.0,0.90
323,0,0,2,open_sans,Laptop,3,57,Male,English,Very comfortable,9/14/2019,9/14/2019,50.8,264.0,0.80
325,0,0,3,times,Desktop,4,33,Male,English,Very comfortable,9/14/2019,9/14/2019,21.1,323.4,0.95
327,0,0,3,avenir_next,Laptop,3,26,Female,English,Very comfortable,9/14/2019,9/14/2019,68.3,267.2,0.90
328,0,0,1,avenir_next,Laptop,3,23,,English,Very comfortable,9/14/2019,9/14/2019,19.8,279.5,0.85
331,0,0,3,roboto,Laptop,3,38,woman,English,Very comfortable,9/14/2019,9/14/2019,31.1,288.5,0.85
334,0,0,2,garamond,Laptop,3,36,Female,English,Very comfortable,9/14/2019,9/14/2019,79.5,135.1,0.80
337,0,0,3,calibri,Laptop,3,28,Female,English,Very comfortable,9/14/2019,9/14/2019,34.6,216.4,0.95
339,0,0,3,calibri,Laptop,3,19,,English,Very comfortable,9/14/2019,9/14/2019,25.4,322.7,0.85
340,0,0,3,helvetica,Desktop,4,20,,English,Very comfortable,9/14/2019,9/14/2019,37.6,361.7,0.70
342,0,0,3,avenir_next,Laptop,3,40,Female,English,Very comfortable,9/14/2019,9/14/2019,30.5,305.8,1.00
344,0,0,3,noto_sans,Desktop,4,33,Male,English,Very comfortable,9/14/2019,9/14/2019,32.4,326.0,0.95
345,0,0,2,times,Laptop,3,18,male,English,Very comfortable,9/14/2019,9/14/2019,17.2,435.1,0.90
346,0,0,2,montserrat,Laptop,3,27,Female,English,Very comfortable,9/14/2019,9/14/2019,24.5,277.4,0.95
347,0,0,2,times,Laptop,3,27,Male,English,Very comfortable,9/14/2019,9/14/2019,42.1,293.5,0.90
348,0,0,3,noto_sans,Desktop,4,26,Male,English,Very comfortable,9/14/2019,9/14/2019,24.2,251.7,0.90
350,0,0,2,open_sans,Laptop,3,30,MALE,English,Very comfortable,9/14/2019,9/14/2019,,409.3,0.70
352,0,0,3,helvetica,Laptop,3,25,Female,English,Very comfortable,9/14/2019,9/14/2019,27.2,397.2,0.85
353,0,0,2,calibri,Desktop,4,39,Male,English,Very comfortable,9/14/2019,9/14/2019,26.3,294.9,1.00
354,0,0,2,helvetica,Desktop,4,35,Male,English,Very comfortable,9/14/2019,9/14/2019,32.4,136.7,0.90
355,0,0,3,noto_sans,Desktop,4,40,male,English,Very comfortable,9/14/2019,9/14/2019,32.6,345.5,0.90
358,0,0,1,avenir_next,Desktop,4,20,male,English,Very comfortable,9/14/2019,9/14/2019,21.9,479.6,0.90
359,0,0,1,utopia,Desktop,4,32,Male,English,Very comfortable,9/14/2019,9/14/2019,25.8,241.7,0.90
364,0,0,2,roboto,Laptop,3,40,Female,English,Very comfortable,9/14/2019,9/14/2019,23.2,328.8,0.95
368,0,0,3,arial,Laptop,3,46,Female,English,Very comfortable,9/14/2019,9/14/2019,36.7,366.1,0.80
369,0,0,3,noto_sans,Desktop,4,22,Male,"English, Spanish",Very comfortable,9/14/2019,9/14/2019,28.0,229.1,1.00
371,0,0,2,avantgarde,Laptop,3,26,Female,English,Very comfortable,9/14/2019,9/14/2019,120.0,191.1,0.90
372,0,0,2,helvetica,Laptop,3,21,Female,English,Very comfortable,9/14/2019,9/14/2019,118.7,299.2,1.00
373,0,0,2,garamond,Laptop,3,20,female,English,Very comfortable,9/14/2019,9/14/2019,21.7,446.5,0.80
374,0,0,3,times,Desktop,4,27,male,English,Very comfortable,9/14/2019,9/14/2019,26.1,373.0,0.80
375,0,0,3,calibri,Desktop,4,43,Female,English,Very comfortable,9/14/2019,9/14/2019,53.2,241.6,0.95
378,0,0,2,noto_sans,Laptop,3,31,male,portuguese,Very comfortable,9/14/2019,9/14/2019,34.6,156.9,0.85
380,0,0,2,calibri,Laptop,3,31,Male,English,Very comfortable,9/14/2019,9/14/2019,61.3,184.8,1.00
385,0,0,3,garamond,Laptop,3,30,female,English,Very comfortable,9/14/2019,9/14/2019,28.3,243.8,0.90
386,0,0,1,garamond,Desktop,4,29,male,English,Very comfortable,9/14/2019,9/14/2019,44.4,155.2,0.90
387,0,0,3,noto_sans,Laptop,3,58,Female,English,Very comfortable,9/14/2019,9/14/2019,29.3,268.0,0.80
388,0,0,2,noto_sans,Laptop,3,29,female,English,Very comfortable,9/14/2019,9/14/2019,27.0,220.4,0.80
392,0,0,3,calibri,Laptop,3,23,Female,English,Very comfortable,9/14/2019,9/14/2019,47.9,134.6,0.85
393,0,0,3,times,Laptop,3,32,Female,English,Very comfortable,9/14/2019,9/14/2019,22.2,403.3,0.85
395,0,0,1,noto_sans,Laptop,3,37,Female,English,Very comfortable,9/14/2019,9/14/2019,24.5,268.7,0.85
396,0,0,3,noto_sans,Desktop,4,31,female,English,Very comfortable,9/14/2019,9/14/2019,25.1,298.8,0.80
399,0,0,2,calibri,Laptop,3,20,female,English,Very comfortable,9/14/2019,9/14/2019,25.3,235.1,0.95
400,0,0,3,calibri,Desktop,4,36,Male,English,Very comfortable,9/14/2019,9/14/2019,27.0,269.3,1.00
402,0,0,1,times,Laptop,3,21,Male,English,Very comfortable,9/14/2019,9/14/2019,26.9,259.6,1.00
403,0,0,2,helvetica,Laptop,3,46,Male,English,Very comfortable,9/14/2019,9/14/2019,39.3,245.8,0.85
405,0,0,1,noto_sans,Laptop,3,27,Female,English,Very comfortable,9/14/2019,9/14/2019,26.1,290.0,0.90
406,0,0,2,times,Laptop,3,22,male,English,Very comfortable,9/14/2019,9/14/2019,20.1,456.2,0.85
407,0,0,2,noto_sans,Desktop,4,40,female,English,Very comfortable,9/14/2019,9/14/2019,21.7,435.6,1.00
408,0,0,3,times,Laptop,3,21,Female,English,Very comfortable,9/14/2019,9/14/2019,23.8,284.9,0.80
410,0,0,3,utopia,Desktop,4,23,Female,English,Very comfortable,9/14/2019,9/14/2019,27.4,266.1,1.00
411,0,0,3,garamond,Laptop,3,32,female,English,Very comfortable,9/14/2019,9/14/2019,29.9,203.3,0.95
414,0,0,2,avantgarde,Desktop,4,45,male,English,Very comfortable,9/14/2019,9/15/2019,40.3,189.0,1.00
418,0,0,2,avenir_next,Laptop,3,21,Female,English,Very comfortable,9/14/2019,9/14/2019,16.5,406.4,0.90
420,0,0,3,noto_sans,Laptop,3,41,Male,English,Very comfortable,9/15/2019,9/15/2019,32.3,294.6,0.95
422,0,0,3,avenir_next,Laptop,3,44,,English,Very comfortable,9/15/2019,9/15/2019,32.9,193.5,0.80
423,0,0,2,helvetica,Desktop,4,33,Female,English,Very comfortable,9/15/2019,9/15/2019,55.1,450.7,0.90
424,0,0,2,open_sans,Laptop,3,31,Female,English,Very comfortable,9/15/2019,9/15/2019,29.8,233.4,0.95
426,0,0,3,garamond,Desktop,4,31,Male,English,Very comfortable,9/15/2019,9/15/2019,38.9,365.8,0.95
427,0,0,2,avenir_next,Laptop,3,32,Male,English,Very comfortable,9/15/2019,9/15/2019,27.6,272.9,0.95
431,0,0,1,arial,Laptop,3,26,male,English,Very comfortable,9/15/2019,9/15/2019,32.0,216.1,0.95
433,0,0,3,noto_sans,Laptop,3,23,female,English,Very comfortable,9/15/2019,9/15/2019,31.4,308.2,0.75
436,0,0,3,calibri,Laptop,3,28,Male,English,Very comfortable,9/15/2019,9/15/2019,28.2,366.3,0.95
439,0,0,2,noto_sans,Laptop,3,33,Female,English,Very comfortable,9/15/2019,9/15/2019,35.1,246.2,0.95
440,0,0,3,noto_sans,Desktop,4,26,Male,Telugu,Very comfortable,9/15/2019,9/15/2019,46.5,160.7,0.95
443,0,0,3,arial,Laptop,3,35,Male,English,Very comfortable,9/15/2019,9/15/2019,47.7,437.2,1.00
444,0,0,3,calibri,Laptop,3,45,male,Russian,Very comfortable,9/15/2019,9/15/2019,30.8,275.6,0.95
447,0,0,3,arial,Laptop,3,42,Female,English,Very comfortable,9/15/2019,9/15/2019,57.3,218.1,0.90
449,0,0,3,times,Laptop,3,35,,English,Very comfortable,9/15/2019,9/15/2019,101.0,488.5,1.00
450,0,0,3,noto_sans,Tablet,2,36,Male,German,Very comfortable,9/15/2019,9/15/2019,27.0,202.2,0.90
454,0,0,2,montserrat,Desktop,4,35,,English,Very comfortable,9/15/2019,9/15/2019,25.2,268.3,0.95
455,0,0,2,franklin_gothic,Laptop,3,19,Male,English,Very comfortable,9/15/2019,9/15/2019,35.0,224.8,0.86
456,0,0,2,times,Desktop,4,21,Male,English,Very comfortable,9/15/2019,9/15/2019,18.8,381.5,0.85
457,0,0,3,avenir_next,Desktop,4,35,male,English,Very comfortable,9/15/2019,9/15/2019,26.7,265.9,0.75
461,0,0,2,arial,Desktop,4,24,Male,English,Very comfortable,9/15/2019,9/15/2019,36.2,242.6,0.90
462,0,0,2,open_sans,Laptop,3,28,female,English,Very comfortable,9/15/2019,9/15/2019,32.0,243.0,1.00
463,0,0,3,garamond,Laptop,3,30,female,English,Very comfortable,9/15/2019,9/15/2019,88.5,297.9,0.85
470,0,0,3,noto_sans,Desktop,4,32,Male,French,Very comfortable,9/15/2019,9/15/2019,35.6,184.1,0.90
471,0,0,3,arial,Laptop,3,39,female,English,Very comfortable,9/15/2019,9/15/2019,33.8,187.3,1.00
472,0,0,3,calibri,Laptop,3,33,Femaile,English,Very comfortable,9/15/2019,9/15/2019,27.1,212.2,0.95
474,0,0,1,roboto,Laptop,3,71,Male,English,Very comfortable,9/15/2019,9/15/2019,30.6,174.2,0.95
476,0,0,3,times,Phone,1,36,Female,English,Very comfortable,9/15/2019,9/15/2019,30.0,262.0,0.80
477,0,0,2,calibri,Laptop,3,22,Female,English,Very comfortable,9/15/2019,9/15/2019,25.9,292.4,0.95
478,0,0,2,noto_sans,Laptop,3,55,Male,English,Very comfortable,9/15/2019,9/15/2019,28.8,305.8,0.95
483,0,0,3,times,Laptop,3,30,Female,English,Very comfortable,9/15/2019,9/15/2019,48.8,224.1,0.95
484,0,0,2,arial,Laptop,3,20,Female,English,Very comfortable,9/15/2019,9/15/2019,19.7,430.2,0.75
486,0,0,3,roboto,Desktop,4,32,Male,English,Very comfortable,9/15/2019,9/15/2019,23.5,286.9,0.90
490,0,0,2,arial,Laptop,3,42,Female,English,Very comfortable,9/15/2019,9/15/2019,26.7,307.0,0.85
491,0,0,3,times,Laptop,3,28,Female,English,Very comfortable,9/15/2019,9/15/2019,31.3,304.1,1.00
492,0,0,3,calibri,Laptop,3,20,Female,English,Very comfortable,9/15/2019,9/15/2019,34.4,226.3,0.86
495,0,0,,noto_sans,Laptop,3,22,female,English,Very comfortable,9/15/2019,9/15/2019,28.8,206.9,0.88
496,0,0,2,noto_sans,Laptop,3,27,male,English,Somewhat comfortable,9/15/2019,9/15/2019,24.4,229.2,0.91
497,0,0,2,garamond,Laptop,3,25,Male,German,Very comfortable,9/15/2019,9/15/2019,25.1,274.7,1.00
498,0,0,1,avenir_next,Laptop,3,23,Female,English,Very comfortable,9/15/2019,9/15/2019,25.0,245.1,0.95
500,0,0,3,arial,Laptop,3,30,Male,English,Very comfortable,9/15/2019,9/15/2019,26.6,271.0,0.95
501,0,0,2,helvetica,Laptop,3,30,Female,"English, Russian",Very comfortable,9/15/2019,9/15/2019,34.3,391.2,0.85
507,0,0,3,times,Laptop,3,23,Female,English,Very comfortable,9/15/2019,9/15/2019,43.4,199.4,0.80
509,0,0,3,helvetica,Laptop,3,28,,English,Very comfortable,9/15/2019,9/15/2019,21.3,330.1,0.85
510,0,0,2,arial,Desktop,4,50,Male,English,Very comfortable,9/15/2019,9/15/2019,25.0,423.3,1.00
511,0,0,3,helvetica,Laptop,3,21,woman,English,Very comfortable,9/15/2019,9/15/2019,23.7,264.3,1.00
512,0,0,3,garamond,Phone,1,25,Female,English,Very comfortable,9/15/2019,9/15/2019,33.2,185.1,0.80
514,0,0,1,avenir_next,Laptop,3,27,Female,English,Very comfortable,9/15/2019,9/15/2019,48.3,207.5,0.85
515,0,0,3,times,Laptop,3,31,Female,"English, Spanish",Very comfortable,9/15/2019,9/15/2019,35.8,192.7,0.95
516,0,0,2,arial,Desktop,4,32,Male,English,Very comfortable,9/15/2019,9/15/2019,25.1,210.3,1.00
517,0,0,2,montserrat,Laptop,3,54,,English,Very comfortable,9/15/2019,9/15/2019,24.4,282.7,0.70
518,0,0,3,arial,Desktop,4,26,,English,Very comfortable,9/15/2019,9/15/2019,40.1,173.1,1.00
519,0,0,2,calibri,Desktop,4,30,Male,English,Very comfortable,9/15/2019,9/15/2019,46.3,155.0,1.00
521,0,0,2,garamond,Laptop,3,35,female,English,Very comfortable,9/15/2019,9/15/2019,176.6,393.3,0.82
522,0,0,3,times,Desktop,4,38,Male,English,Very comfortable,9/15/2019,9/15/2019,24.1,215.3,1.00
523,0,0,2,calibri,Laptop,3,29,Female,English,Very comfortable,9/15/2019,9/15/2019,27.1,204.7,0.90
524,0,0,3,noto_sans,Desktop,4,35,male,English,Very comfortable,9/15/2019,9/15/2019,37.2,313.8,0.95
525,0,0,3,avenir_next,Desktop,4,29,Male,English,Very comfortable,9/15/2019,9/15/2019,24.0,298.3,0.95
527,0,0,3,noto_sans,Desktop,4,30,Female,English,Very comfortable,9/15/2019,9/15/2019,32.7,349.8,0.95
529,0,0,3,poynter_gothic_text,Desktop,4,39,Male,English,Very comfortable,9/15/2019,9/15/2019,26.8,265.5,0.95
532,0,0,3,helvetica,Laptop,3,32,,English,Very comfortable,9/15/2019,9/15/2019,23.6,403.1,0.95
534,0,0,3,garamond,Desktop,4,30,female,English,Very comfortable,9/15/2019,9/15/2019,25.8,264.3,0.80
536,0,0,3,noto_sans,Desktop,4,37,,English,Very comfortable,9/15/2019,9/15/2019,33.3,263.5,0.95
538,0,0,2,times,Laptop,3,21,Male,English,Very comfortable,9/15/2019,9/15/2019,31.0,261.8,0.95
539,0,0,3,times,Laptop,3,29,Male,English,Very comfortable,9/15/2019,9/15/2019,27.3,423.4,0.85
543,0,0,2,franklin_gothic,Laptop,3,31,male,English,Very comfortable,9/15/2019,9/15/2019,30.2,285.4,0.95
544,0,0,2,garamond,Desktop,4,31,Female,English,Very comfortable,9/15/2019,9/15/2019,21.6,367.4,0.80
548,0,0,3,helvetica,Desktop,4,21,Male,English,Very comfortable,9/15/2019,9/15/2019,19.5,386.8,1.00
549,0,0,1,avenir_next,Laptop,3,31,female,English,Very comfortable,9/15/2019,9/15/2019,25.2,274.6,0.95
550,0,0,3,open_sans,Laptop,3,27,male,English,Very comfortable,9/15/2019,9/15/2019,28.1,246.4,0.80
551,0,0,2,arial,Laptop,3,23,female,English,Very comfortable,9/15/2019,9/15/2019,33.9,266.2,1.00
552,0,0,3,arial,Laptop,3,49,Female,English,Very comfortable,9/15/2019,9/15/2019,26.3,258.9,0.90
557,0,0,1,garamond,Laptop,3,27,Female,English,Very comfortable,9/15/2019,9/16/2019,83.0,288.6,0.75
559,0,0,3,times,Laptop,3,23,Female,English,Very comfortable,9/16/2019,9/16/2019,48.4,309.3,0.95
561,0,0,2,noto_sans,Desktop,4,27,Male,English,Very comfortable,9/16/2019,9/16/2019,34.1,198.3,0.90
563,0,0,3,calibri,Desktop,4,33,Male,English,Very comfortable,9/16/2019,9/16/2019,18.4,451.2,0.80
564,0,0,3,helvetica,Laptop,3,34,male,English,Very comfortable,9/16/2019,9/16/2019,34.2,272.0,0.90
566,0,0,3,times,Desktop,4,29,Male,English,Very comfortable,9/16/2019,9/16/2019,34.4,423.7,0.95
568,0,0,3,calibri,Laptop,3,33,Female,"English, Hindi",Very comfortable,9/16/2019,9/16/2019,34.7,159.1,0.90
569,0,0,2,lato,Desktop,4,20,female,English,Very comfortable,9/16/2019,9/16/2019,30.0,349.1,0.90
570,0,0,2,montserrat,Desktop,4,41,male,English,Very comfortable,9/16/2019,9/16/2019,26.9,215.2,1.00
571,0,0,2,poynter_gothic_text,Laptop,3,25,female,English,Very comfortable,9/16/2019,9/16/2019,33.6,395.5,0.77
572,0,0,1,avantgarde,Desktop,4,43,male,English,Very comfortable,9/16/2019,9/16/2019,23.1,451.3,0.85
576,0,0,2,noto_sans,Laptop,3,41,female,English,Very comfortable,9/16/2019,9/16/2019,57.4,358.3,0.85
577,0,0,3,avenir_next,Laptop,3,24,Male,Urdu,Very comfortable,9/16/2019,9/16/2019,131.8,129.0,0.85
578,0,0,2,open_sans,Desktop,4,35,male,English,Very comfortable,9/16/2019,9/16/2019,26.8,276.7,1.00
579,0,0,1,avantgarde,Desktop,4,41,female,English,Very comfortable,9/16/2019,9/16/2019,28.6,215.0,0.90
580,0,0,3,garamond,Laptop,3,25,male,portuguese,Very comfortable,9/16/2019,9/16/2019,31.6,193.9,0.90
581,0,0,3,times,Laptop,3,58,male,English,Very comfortable,9/16/2019,9/16/2019,27.2,230.7,0.80
582,0,0,3,arial,Desktop,4,32,male,English,Very comfortable,9/16/2019,9/16/2019,58.0,361.7,0.73
583,0,0,3,arial,Laptop,3,35,male,English,Very comfortable,9/16/2019,9/16/2019,31.1,204.1,0.90
585,0,0,3,noto_sans,Desktop,4,33,Female,English,Very comfortable,9/16/2019,9/16/2019,37.8,317.0,0.90
588,0,0,1,oswald,Desktop,4,34,Male,English,Very comfortable,9/16/2019,9/16/2019,35.6,273.6,0.85
592,0,0,3,helvetica,Desktop,4,41,Male,English,Very comfortable,9/16/2019,9/16/2019,37.4,411.5,0.95
595,0,0,3,times,Desktop,4,51,male,English,Very comfortable,9/16/2019,9/16/2019,28.2,199.0,0.95
596,0,0,3,avenir_next,Desktop,4,44,male,English,Very comfortable,9/16/2019,9/16/2019,37.7,288.4,0.95
597,0,0,2,arial,Desktop,4,36,female,English,Very comfortable,9/16/2019,9/16/2019,20.4,383.8,1.00
598,0,0,2,helvetica,Desktop,4,60,female,English,Very comfortable,9/16/2019,9/16/2019,61.0,196.4,0.90
604,0,0,3,noto_sans,Laptop,3,61,Male,English,Very comfortable,9/16/2019,9/16/2019,39.3,227.6,0.90
606,0,0,2,noto_sans,Desktop,4,47,male,English,Very comfortable,9/16/2019,9/16/2019,33.6,172.3,0.85
608,0,0,2,avantgarde,Laptop,3,33,male,English,Very comfortable,9/16/2019,9/16/2019,48.4,249.3,0.85
609,0,0,1,montserrat,Desktop,4,23,male,English,Very comfortable,9/16/2019,9/16/2019,45.2,268.7,0.95
610,0,0,2,calibri,Laptop,3,28,Male,English,Very comfortable,9/16/2019,9/16/2019,18.6,463.8,0.80
612,0,0,3,oswald,Laptop,3,30,Male,English,Very comfortable,9/16/2019,9/16/2019,54.9,179.6,1.00
616,0,0,3,times,Desktop,4,34,male,English,Very comfortable,9/16/2019,9/16/2019,21.8,344.8,1.00
617,0,0,3,garamond,Desktop,4,53,Male,English,Very comfortable,9/16/2019,9/16/2019,29.8,511.5,1.00
618,0,0,3,noto_sans,Laptop,3,33,female,English,Very comfortable,9/16/2019,9/16/2019,22.6,286.7,0.95
619,0,0,3,arial,Desktop,4,34,male,English,Very comfortable,9/16/2019,9/16/2019,27.8,233.7,0.85
620,0,0,3,noto_sans,Laptop,3,45,M,English,Very comfortable,9/16/2019,9/16/2019,30.2,237.9,0.95
621,0,0,2,times,Laptop,3,29,female,English,Very comfortable,9/16/2019,9/16/2019,67.2,420.9,0.85
622,0,0,2,lato,Laptop,3,24,Male,English,Very comfortable,9/16/2019,9/16/2019,29.7,176.5,1.00
624,0,0,2,avenir_next,Desktop,4,44,Male,English,Very comfortable,9/16/2019,9/16/2019,23.2,302.4,0.90
626,0,0,2,garamond,Laptop,3,30,male,English,Very comfortable,9/16/2019,9/16/2019,21.0,244.1,0.85
632,0,0,2,montserrat,Desktop,4,29,Male,English,Very comfortable,9/16/2019,9/16/2019,43.6,111.1,1.00
633,0,0,3,noto_sans,Desktop,4,35,female,English,Very comfortable,9/16/2019,9/16/2019,140.4,202.7,0.90
635,0,0,2,avenir_next,Desktop,4,38,Male,English,Very comfortable,9/16/2019,9/16/2019,59.8,464.1,1.00
636,0,0,2,roboto,Desktop,4,62,Male,English,Very comfortable,9/16/2019,9/16/2019,49.7,140.8,1.00
640,0,0,1,times,Desktop,4,21,male,English,Very comfortable,9/16/2019,9/16/2019,24.5,360.0,0.75
642,0,0,2,avantgarde,Desktop,4,40,Male,English,Very comfortable,9/16/2019,9/16/2019,54.6,360.8,0.90
643,0,0,3,times,Desktop,4,59,male,English,Very comfortable,9/16/2019,9/16/2019,24.0,284.0,0.90
644,0,0,2,arial,Desktop,4,34,male,English,Very comfortable,9/16/2019,9/16/2019,28.9,265.5,1.00
645,0,0,2,noto_sans,Desktop,4,23,Male,English,Very comfortable,9/16/2019,9/16/2019,32.5,473.2,1.00
649,0,0,3,lato,Desktop,4,60,male,English,Very comfortable,9/16/2019,9/16/2019,26.6,288.0,0.90
654,0,0,1,roboto,Laptop,3,54,male,English,Very comfortable,9/16/2019,9/16/2019,38.9,297.1,0.95
656,0,0,1,avenir_next,Laptop,3,26,Male,English,Very comfortable,9/16/2019,9/16/2019,32.8,288.9,0.85
657,0,0,3,arial,Desktop,4,32,male,English,Very comfortable,9/16/2019,9/16/2019,24.2,370.7,0.75
660,0,0,3,calibri,Laptop,3,31,male,English,Very comfortable,9/16/2019,9/16/2019,37.7,254.3,1.00
661,0,0,3,times,Desktop,4,40,female,English,Very comfortable,9/16/2019,9/16/2019,25.2,233.6,0.85
662,0,0,2,arial,Laptop,3,48,female,English,Very comfortable,9/16/2019,9/16/2019,39.0,214.0,0.90
666,0,0,3,calibri,Laptop,3,36,M,English,Very comfortable,9/16/2019,9/16/2019,17.8,429.5,0.90
668,0,0,2,garamond,Desktop,4,25,female,English,Very comfortable,9/16/2019,9/16/2019,15.1,445.4,1.00
669,0,0,2,arial,Desktop,4,28,female,English,Very comfortable,9/16/2019,9/16/2019,21.2,240.5,0.85
670,0,0,2,garamond,Desktop,4,31,Male,English,Very comfortable,9/16/2019,9/16/2019,20.9,430.6,0.85
671,0,0,2,noto_sans,Laptop,3,35,Male,English,Very comfortable,9/16/2019,9/16/2019,30.5,248.5,0.90
672,0,0,1,avenir_next,Laptop,3,32,female,English,Very comfortable,9/16/2019,9/16/2019,44.5,304.1,0.95
673,0,0,3,times,Desktop,4,59,Male,English,Very comfortable,9/16/2019,9/16/2019,42.5,155.3,1.00
674,0,0,2,times,Laptop,3,25,Male,English,Very comfortable,9/16/2019,9/16/2019,20.5,350.5,0.85
675,0,0,2,roboto,Desktop,4,23,female,English,Very comfortable,9/16/2019,9/16/2019,34.5,173.0,0.90
676,0,0,2,avenir_next,Laptop,3,25,female,English,Very comfortable,9/16/2019,9/16/2019,48.0,267.1,0.90
682,0,0,1,calibri,Laptop,3,25,Male,English,Very comfortable,9/16/2019,9/16/2019,21.8,313.5,1.00
683,0,0,2,poynter_gothic_text,Desktop,4,33,F,English,Very comfortable,9/16/2019,9/16/2019,18.7,312.6,0.95
684,0,0,1,utopia,Desktop,4,32,Male,English,Very comfortable,9/16/2019,9/16/2019,52.0,178.1,0.90
685,0,0,1,noto_sans,Laptop,3,46,female,English,Very comfortable,9/16/2019,9/16/2019,25.7,194.5,0.90
686,0,0,3,calibri,Desktop,4,32,female,English,Very comfortable,9/16/2019,9/16/2019,20.4,334.5,1.00
687,0,0,3,garamond,Desktop,4,38,Male,English,Very comfortable,9/16/2019,9/16/2019,18.6,360.4,0.85
688,0,0,3,avenir_next,Desktop,4,43,Male,English,Very comfortable,9/16/2019,9/16/2019,39.6,203.9,0.95
689,0,0,3,helvetica,Desktop,4,40,Female,English,Very comfortable,9/16/2019,9/16/2019,34.7,407.1,0.90
693,0,0,1,avenir_next,Desktop,4,58,Male,English,Very comfortable,9/16/2019,9/16/2019,36.5,197.9,0.95
696,0,0,2,avenir_next,Desktop,4,26,female,hindi,Very comfortable,9/16/2019,9/16/2019,47.4,160.7,0.91
697,0,0,3,helvetica,Laptop,3,25,MALE,English,Very comfortable,9/17/2019,9/17/2019,74.2,400.3,0.75
698,0,0,2,helvetica,Desktop,4,32,male,English,Very comfortable,9/16/2019,9/16/2019,38.5,174.2,0.95
699,0,0,2,garamond,Laptop,3,21,Female,English,Very comfortable,9/16/2019,9/16/2019,20.6,374.5,0.80
700,0,0,2,times,Laptop,3,23,Male,English,Very comfortable,9/16/2019,9/16/2019,38.0,182.1,1.00
702,0,0,3,calibri,Laptop,3,40,Male,English,Very comfortable,9/16/2019,9/16/2019,23.8,247.3,0.95
705,0,0,2,montserrat,Laptop,3,25,Male,Tamil,Very comfortable,9/16/2019,9/17/2019,42.5,213.6,0.90
706,0,0,3,arial,Laptop,3,30,Male,English,Very comfortable,9/17/2019,9/17/2019,30.4,264.5,0.95
707,0,0,1,avantgarde,Laptop,3,31,Female,English,Very comfortable,9/17/2019,9/17/2019,25.8,234.8,0.75
709,0,0,2,roboto,Laptop,3,27,male,English,Somewhat comfortable,9/17/2019,9/17/2019,62.8,458.7,0.75
710,0,0,2,avenir_next,Desktop,4,46,male,English,Very comfortable,9/17/2019,9/17/2019,37.2,196.8,0.90
